LLTV,Credit_Loss_Mean,Credit_Loss_Median,Credit_Loss_P95,Credit_Loss_P99,Slippage_Mean,Lender_Liquidation_Bonus_Mean
0.85,0.030847589976246412,0.0,0.0,0.15155931326863203,0.41446450580980876,3.179949947045419
0.875,0.06763150998186353,0.0,0.0039246213797568975,1.7894990265356658,0.386114819071493,3.05491759155218
0.9,0.21426284639878593,0.0,0.7721259493845734,5.055687814086035,0.3383941403525372,3.065455246928209
0.925,0.7537401626724038,0.0,3.803090065841371,11.43394307221345,0.4349577836744479,3.41315077376305
0.95,2.2391628087810416,0.33013448865665196,10.996908610932065,21.827202204934007,0.38663200770541195,3.1214881610526213
